{"nodes":{"node:1":{"location":{"x":-636,"y":10}},"node:4":{"location":{"x":-636,"y":202}},"node:8":{"location":{"x":-297,"y":406}}},"selection":["link:11"],"view":{"scroll":{"x":-1568.6661376953125,"y":-221.425445556640625},"visible_rect":{"max":{"x":325.619781494140625,"y":483.539794921875},"min":{"x":-1413.619873046875,"y":-199.53985595703125}},"zoom":1.10968029499053955}}