{"nodes":{"node:1":{"location":{"x":-177,"y":16}},"node:11":{"location":{"x":-830,"y":43}},"node:13":{"location":{"x":-188,"y":-166}},"node:16":{"group_size":{"x":1872,"y":1110},"location":{"x":-1184,"y":-416}},"node:6":{"location":{"x":-872,"y":-228}}},"selection":null,"view":{"scroll":{"x":-698.594970703125,"y":-179.985748291015625},"visible_rect":{"max":{"x":1719.34765625,"y":878.25872802734375},"min":{"x":-2444.27197265625,"y":-629.7413330078125}},"zoom":0.28580901026725769}}