{"nodes":{"node:15727017180173566052":{"location":{"x":4,"y":62}},"node:4834292981233892773":{"location":{"x":292,"y":78}},"node:5461339041619586459":{"location":{"x":-12,"y":-118}}},"selection":["link:1111465760818395664"],"view":{"scroll":{"x":-188.7313232421875,"y":-353.39825439453125},"visible_rect":{"max":{"x":432.21502685546875,"y":297.28143310546875},"min":{"x":-150.985076904296875,"y":-282.718658447265625}},"zoom":1.2499997615814209}}