{"nodes":{"node:15727017180173566052":{"location":{"x":-12,"y":62}},"node:5461339041619586459":{"location":{"x":-12,"y":-118}}},"selection":["link:2622370683570909180"],"view":{"scroll":{"x":-672.6414794921875,"y":-398.730010986328125},"visible_rect":{"max":{"x":797.3585205078125,"y":331.269989013671875},"min":{"x":-672.6414794921875,"y":-398.730010986328125}},"zoom":1}}