{"nodes":{"node:1":{"location":{"x":8,"y":236}},"node:11":{"location":{"x":226,"y":91}},"node:13":{"location":{"x":452,"y":-6}},"node:16":{"group_size":{"x":1328,"y":550},"location":{"x":-1144,"y":-420}},"node:17":{"location":{"x":504,"y":108}},"node:6":{"location":{"x":319,"y":284}}},"selection":null,"view":{"scroll":{"x":-963.82208251953125,"y":-179.599075317382812},"visible_rect":{"max":{"x":1437.177978515625,"y":577.40093994140625},"min":{"x":-963.82208251953125,"y":-179.599075317382812}},"zoom":1}}