{"nodes":{"node:1":{"location":{"x":0,"y":0}},"node:6":{"location":{"x":351,"y":0}}},"selection":null,"view":{"scroll":{"x":-303.24072265625,"y":-458.627471923828125},"visible_rect":{"max":{"x":688.50628662109375,"y":198.9150390625},"min":{"x":-202.160507202148438,"y":-305.751678466796875}},"zoom":1.49999988079071045}}