{"nodes":{"node:1825717251040014146":{"location":{"x":-244,"y":-79}}},"selection":["node:1825717251040014146"],"view":{"scroll":{"x":-930.2552490234375,"y":-352.56915283203125},"visible_rect":{"max":{"x":925.345703125,"y":300.00335693359375},"min":{"x":-749.34637451171875,"y":-284.00421142578125}},"zoom":1.24142229557037354}}