{"nodes":{"node:1":{"location":{"x":0,"y":0}},"node:11":{"location":{"x":308,"y":106}},"node:6":{"location":{"x":-120,"y":252}}},"selection":["node:6"],"view":{"scroll":{"x":-403.827117919921875,"y":-212.0849609375},"visible_rect":{"max":{"x":932.1728515625,"y":544.9150390625},"min":{"x":-403.827117919921875,"y":-212.0849609375}},"zoom":1}}