{"nodes":{"node:14642635015259126476":{"location":{"x":-9,"y":-147}}},"selection":["node:14642635015259126476"],"view":{"scroll":{"x":-236.291412353515625,"y":-373.383514404296875},"visible_rect":{"max":{"x":460.14501953125,"y":297.281494140625},"min":{"x":-178.915206909179688,"y":-282.718658447265625}},"zoom":1.32068932056427002}}