{"nodes":{"node:12397336328036976360":{"location":{"x":-122,"y":-132}},"node:13964513376148405723":{"location":{"x":-140,"y":62}}},"selection":null,"view":{"scroll":{"x":-379.8743896484375,"y":-326.748870849609375},"visible_rect":{"max":{"x":430.5010986328125,"y":322.60137939453125},"min":{"x":-303.899932861328125,"y":-261.39947509765625}},"zoom":1.24999821186065674}}