{"nodes":{"node:0":{"location":{"x":24,"y":252}},"node:10":{"location":{"x":0,"y":0}},"node:5":{"location":{"x":456,"y":268}}},"selection":null,"view":{"scroll":{"x":-334.416259765625,"y":-211.3759765625},"visible_rect":{"max":{"x":982.73681640625,"y":703.14752197265625},"min":{"x":-330.432891845703125,"y":-208.858184814453125}},"zoom":1.01205503940582275}}