{"nodes":{"node:1":{"location":{"x":-636,"y":10}},"node:4":{"location":{"x":-636,"y":202}}},"selection":null,"view":{"scroll":{"x":-1493.311767578125,"y":-288.379241943359375},"visible_rect":{"max":{"x":393.52618408203125,"y":423.20367431640625},"min":{"x":-1345.7135009765625,"y":-259.8759765625}},"zoom":1.10968029499053955}}