{"nodes":{"node:0":{"location":{"x":216,"y":205}}},"selection":["node:0"],"view":{"scroll":{"x":-262.65765380859375,"y":-106.976043701171875},"visible_rect":{"max":{"x":860.34234619140625,"y":724.02392578125},"min":{"x":-262.65765380859375,"y":-106.976043701171875}},"zoom":1}}