{"nodes":null,"selection":null,"view":{"scroll":{"x":-640.4774169921875,"y":-300.96759033203125},"visible_rect":{"max":{"x":445.19793701171875,"y":835.52777099609375},"min":{"x":-1170.8944091796875,"y":-550.216552734375}},"zoom":0.546998441219329834}}