{"nodes":{"node:6271724127432470386":{"location":{"x":0,"y":0}},"node:9579378113499642795":{"location":{"x":4,"y":154}}},"selection":["node:6271724127432470386"],"view":{"scroll":{"x":-394.874359130859375,"y":-326.748748779296875},"visible_rect":{"max":{"x":442.50067138671875,"y":322.60113525390625},"min":{"x":-315.89959716796875,"y":-261.39910888671875}},"zoom":1.2499995231628418}}