{"nodes":{"node:15727017180173566052":{"location":{"x":4,"y":62}},"node:5461339041619586459":{"location":{"x":4,"y":-118}}},"selection":["link:2622370683570909180"],"view":{"scroll":{"x":-177.125152587890625,"y":-373.966339111328125},"visible_rect":{"max":{"x":310.51495361328125,"y":300.003448486328125},"min":{"x":-134.515518188476562,"y":-284.004119873046875}},"zoom":1.31676375865936279}}