{"nodes":{"node:3731706458246682401":{"location":{"x":36,"y":-22}}},"selection":["node:3731706458246682401"],"view":{"scroll":{"x":-666.52581787109375,"y":-348.99755859375},"visible_rect":{"max":{"x":1150.7794189453125,"y":304.801971435546875},"min":{"x":-533.220703125,"y":-279.19805908203125}},"zoom":1.24999988079071045}}