{"nodes":{"node:1":{"location":{"x":-844,"y":-61}},"node:4":{"location":{"x":-645,"y":160}}},"selection":["node:4"],"view":{"scroll":{"x":-1567.6650390625,"y":-234.4254150390625},"visible_rect":{"max":{"x":326.522430419921875,"y":471.825408935546875},"min":{"x":-1412.7198486328125,"y":-211.255233764648438}},"zoom":1.10967862606048584}}