{"nodes":{"node:15727017180173566052":{"location":{"x":4,"y":62}},"node:4834292981233892773":{"location":{"x":292,"y":78}},"node:5461339041619586459":{"location":{"x":-12,"y":-118}}},"selection":null,"view":{"scroll":{"x":-280.4737548828125,"y":-352.9107666015625},"visible_rect":{"max":{"x":505.9189453125,"y":297.281524658203125},"min":{"x":-224.688980102539062,"y":-282.718658447265625}},"zoom":1.2482755184173584}}