{"nodes":null,"selection":null,"view":{"scroll":{"x":-1596.588623046875,"y":-440.513671875},"visible_rect":{"max":{"x":524.1143798828125,"y":298.427520751953125},"min":{"x":-1645.9014892578125,"y":-454.11956787109375}},"zoom":0.970038950443267822}}