{"nodes":{"node:1":{"location":{"x":-650,"y":-140}}},"selection":null,"view":{"scroll":{"x":-1170.619873046875,"y":-476.30767822265625},"visible_rect":{"max":{"x":-185.296005249023438,"y":225.353973388671875},"min":{"x":-936.49639892578125,"y":-381.046356201171875}},"zoom":1.2499992847442627}}