{"nodes":{"node:0":{"location":{"x":120,"y":220}},"node:5":{"location":{"x":456,"y":268}}},"selection":null,"view":{"scroll":{"x":-316.65765380859375,"y":-106.97607421875},"visible_rect":{"max":{"x":914.34234619140625,"y":724.02392578125},"min":{"x":-316.65765380859375,"y":-106.97607421875}},"zoom":1}}