{"nodes":{"node:6271724127432470386":{"location":{"x":0,"y":0}}},"selection":null,"view":{"scroll":{"x":-35.52581787109375,"y":-348.99755859375},"visible_rect":{"max":{"x":645.9793701171875,"y":304.801971435546875},"min":{"x":-28.420654296875,"y":-279.19805908203125}},"zoom":1.25}}