{"nodes":null,"selection":null,"view":{"scroll":{"x":-965.588623046875,"y":-440.513580322265625},"visible_rect":{"max":{"x":-126.374977111816406,"y":298.42767333984375},"min":{"x":-995.41241455078125,"y":-454.11956787109375}},"zoom":0.970038771629333496}}