{"nodes":{"node:15727017180173566052":{"location":{"x":4,"y":62}},"node:5461339041619586459":{"location":{"x":-12,"y":-118}}},"selection":["node:15727017180173566052"],"view":{"scroll":{"x":-186.712997436523438,"y":-384.832305908203125},"visible_rect":{"max":{"x":406.72222900390625,"y":513.77813720703125},"min":{"x":-282.00518798828125,"y":-581.23809814453125}},"zoom":0.662090659141540527}}