{"nodes":null,"selection":null,"view":{"scroll":{"x":-1482.8448486328125,"y":-424.727203369140625},"visible_rect":{"max":{"x":810.8912353515625,"y":397.879913330078125},"min":{"x":-1932.678466796875,"y":-553.57183837890625}},"zoom":0.767248570919036865}}