{"nodes":{"node:1":{"location":{"x":-840,"y":-96}},"node:11":{"location":{"x":260,"y":56}},"node:14":{"group_size":{"x":200,"y":200},"location":{"x":240,"y":-48}},"node:15":{"location":{"x":-257,"y":-80}},"node:23":{"location":{"x":-609,"y":-224}},"node:31":{"location":{"x":-693,"y":-89}},"node:35":{"location":{"x":-134,"y":170}},"node:4":{"location":{"x":-536,"y":60}},"node:44":{"location":{"x":584,"y":339}},"node:48":{"location":{"x":330,"y":433}},"node:9":{"location":{"x":-366,"y":236}}},"selection":null,"view":{"scroll":{"x":-1401.0911865234375,"y":-251.722259521484375},"visible_rect":{"max":{"x":999.9088134765625,"y":505.277740478515625},"min":{"x":-1401.0911865234375,"y":-251.722259521484375}},"zoom":1}}