{"nodes":{"node:3152873798286547680":{"location":{"x":-45,"y":-102}}},"selection":["node:3152873798286547680"],"view":{"scroll":{"x":-389.746490478515625,"y":-354.37310791015625},"visible_rect":{"max":{"x":592.16937255859375,"y":297.281494140625},"min":{"x":-310.939483642578125,"y":-282.7186279296875}},"zoom":1.2534480094909668}}