{"nodes":{"node:1":{"location":{"x":-465,"y":-16}},"node:11":{"location":{"x":-790,"y":-69}},"node:13":{"location":{"x":-332,"y":-152}},"node:16":{"group_size":{"x":1776,"y":950},"location":{"x":-1136,"y":-288}},"node:6":{"location":{"x":-785,"y":-208}}},"selection":null,"view":{"scroll":{"x":-1384.3465576171875,"y":-472.3060302734375},"visible_rect":{"max":{"x":1120.871337890625,"y":878.2586669921875},"min":{"x":-1845.79541015625,"y":-629.74139404296875}},"zoom":0.75}}