{"nodes":{"node:1":{"location":{"x":-899,"y":48}},"node:4":{"location":{"x":-681,"y":280}}},"selection":null,"view":{"scroll":{"x":-1568.6650390625,"y":-221.4254150390625},"visible_rect":{"max":{"x":325.621246337890625,"y":483.54052734375},"min":{"x":-1413.6209716796875,"y":-199.540130615234375}},"zoom":1.10967862606048584}}