{"nodes":{"node:15727017180173566052":{"location":{"x":4,"y":62}},"node:5461339041619586459":{"location":{"x":-12,"y":-118}}},"selection":null,"view":{"scroll":{"x":-286.12457275390625,"y":-373.966156005859375},"visible_rect":{"max":{"x":393.292388916015625,"y":300.00225830078125},"min":{"x":-217.292831420898438,"y":-284.00274658203125}},"zoom":1.31676948070526123}}