{"nodes":{"node:15727017180173566052":{"location":{"x":4,"y":62}},"node:5461339041619586459":{"location":{"x":-12,"y":-118}}},"selection":null,"view":{"scroll":{"x":-331.874298095703125,"y":-326.74969482421875},"visible_rect":{"max":{"x":392.101654052734375,"y":322.60113525390625},"min":{"x":-265.50018310546875,"y":-261.400482177734375}},"zoom":1.24999654293060303}}