{"nodes":{"node:6895103094758466916":{"location":{"x":-2700,"y":-70}},"node:773866002606596036":{"location":{"x":-2956,"y":-264}}},"selection":["node:6895103094758466916"],"view":{"scroll":{"x":-3481.9482421875,"y":-434.122222900390625},"visible_rect":{"max":{"x":-1376.9482421875,"y":295.877777099609375},"min":{"x":-3481.9482421875,"y":-434.122222900390625}},"zoom":1}}