{"nodes":{"node:15727017180173566052":{"location":{"x":4,"y":62}},"node:5461339041619586459":{"location":{"x":-12,"y":-118}}},"selection":["link:2622370683570909180"],"view":{"scroll":{"x":-301.00030517578125,"y":-355.000030517578125},"visible_rect":{"max":{"x":416.80096435546875,"y":300.0008544921875},"min":{"x":-240.800949096679688,"y":-284.0008544921875}},"zoom":1.24999630451202393}}