{"nodes":{"node:15727017180173566052":{"location":{"x":4,"y":62}},"node:5461339041619586459":{"location":{"x":-12,"y":-118}}},"selection":["link:2622370683570909180"],"view":{"scroll":{"x":-323.21295166015625,"y":-384.832305908203125},"visible_rect":{"max":{"x":612.887451171875,"y":513.77813720703125},"min":{"x":-488.17022705078125,"y":-581.23809814453125}},"zoom":0.662090659141540527}}