{"nodes":{"node:1":{"location":{"x":23,"y":164}},"node:11":{"location":{"x":686,"y":460}},"node:13":{"location":{"x":-132,"y":-98}},"node:16":{"group_size":{"x":1328,"y":550},"location":{"x":-672,"y":-304}},"node:17":{"location":{"x":336,"y":16}},"node:6":{"location":{"x":368,"y":148}}},"selection":null,"view":{"scroll":{"x":-935.9140625,"y":-294.99969482421875},"visible_rect":{"max":{"x":1465.0859375,"y":462.00030517578125},"min":{"x":-935.9140625,"y":-294.99969482421875}},"zoom":1}}