{"nodes":null,"selection":null,"view":{"scroll":{"x":-1143.120361328125,"y":-476.307769775390625},"visible_rect":{"max":{"x":-207.296371459960938,"y":225.353866577148438},"min":{"x":-914.49664306640625,"y":-381.046356201171875}},"zoom":1.2499995231628418}}