{"nodes":{"node:1":{"location":{"x":-814,"y":-84}},"node:11":{"location":{"x":260,"y":56}},"node:14":{"group_size":{"x":200,"y":200},"location":{"x":240,"y":-48}},"node:15":{"location":{"x":-49,"y":-4}},"node:22":{"location":{"x":-441,"y":99}},"node:30":{"location":{"x":-103,"y":75}},"node:4":{"location":{"x":-824,"y":48}},"node:9":{"location":{"x":-414,"y":236}}},"selection":null,"view":{"scroll":{"x":-1342.0911865234375,"y":-299.722259521484375},"visible_rect":{"max":{"x":1058.9088134765625,"y":457.277740478515625},"min":{"x":-1342.0911865234375,"y":-299.722259521484375}},"zoom":1}}