{"nodes":null,"selection":null,"view":{"scroll":{"x":-3481.947998046875,"y":-434.122222900390625},"visible_rect":{"max":{"x":-1376.9483642578125,"y":295.877838134765625},"min":{"x":-3481.94873046875,"y":-434.122314453125}},"zoom":0.999999761581420898}}