{"nodes":{"node:1":{"location":{"x":-636,"y":10}}},"selection":["node:1"],"view":{"scroll":{"x":-1546.7142333984375,"y":-290.968353271484375},"visible_rect":{"max":{"x":297.52386474609375,"y":311.354461669921875},"min":{"x":-1031.1429443359375,"y":-193.978927612304688}},"zoom":1.49999988079071045}}