{"nodes":{"node:1":{"location":{"x":-636,"y":10}},"node:4":{"location":{"x":-636,"y":202}}},"selection":null,"view":{"scroll":{"x":-1568.66552734375,"y":-221.4254150390625},"visible_rect":{"max":{"x":325.620635986328125,"y":483.540252685546875},"min":{"x":-1413.6207275390625,"y":-199.540023803710938}},"zoom":1.10967922210693359}}